abandon,vt.放弃;抛弃
ability,n.能力;才能
achieve,vt.达到;取得;实现
advantage,n.优点;优势
although,conj.虽然;尽管
ancient,adj.古代的;古老的
anxious,adj.焦虑的;渴望的
appreciate,vt.欣赏;感激
attract,vt.吸引
average,adj.平均的;普通的
balance,n.平衡;余额
behavior,n.行为;举止
benefit,n.好处;vt.有益于
budget,n.预算
campus,n.校园
challenge,n.挑战
character,n.性格;角色;汉字
communicate,vi.交流;vt.传达
concentrate,vi.集中;专心
confidence,n.信心;自信
confuse,vt.使困惑
consider,vt.考虑;认为
course,n.课程;过程
curious,adj.好奇的
decision,n.决定;决心
develop,vt.发展;开发;vi.成长
education,n.教育
effort,n.努力
environment,n.环境
especially,adv.尤其;特别
experience,n.经验;经历
familiar,adj.熟悉的
gradually,adv.逐渐地
habit,n.习惯
honest,adj.诚实的
improve,vt.改进;提高
independent,adj.独立的
knowledge,n.知识
memory,n.记忆;记忆力
opportunity,n.机会;时机
patience,n.耐心
practice,n.练习;实践
progress,n.进步
realize,vt.意识到;实现
responsibility,n.责任
success,n.成功
